amount,fromuser,toUser,transactionId,timestamp
10,30,16,00bf79da2672c72e37bee98a96804ece67ef4ec187d8f9f074323f639bed1ec5,2018-11-05T20:51:16.787Z
10,36,18,01da69238de427a556b36ef3ccc99c299118ed4c2fde4e7d8b9c699c5e32e914,2018-11-05T20:52:10.139Z
10,9,14,021052afcbeee28a75687583d44966506a5a19773553d5dfe0930d2751fddd01,2018-11-05T20:51:29.034Z
10,30,18,0ce6a603292582bdb3c69ef242a54cbde2099abcd63c54c9c89874668f54a1b8,2018-11-05T20:52:07.652Z
10,38,11,2c782f1997d2abe6f76c935b5052295f1cbd4664f647ab53139637ccff5e0ccd,2018-11-05T20:51:26.680Z
10,26,20,45d9fa6cb0d4b01c2adea06881473e0545fff19b6726cdc3a152aba31a8691aa,2018-11-05T20:52:00.353Z
10,36,14,466bf7fcf6d7bddc7105518f6059e9a0c49d52a2844113911d9b73b201376d54,2018-11-05T20:51:40.993Z
10,35,14,4a6dae4d3f1720c8f3b0412987624dc2afdb68ed8f2ccb3eb594fc67a48aba36,2018-11-05T20:52:02.737Z
10,6,20,4c86e2dbdef094dbd8fa0c2a41e1ca8135342a4764da2c5fa28ac48b1d2ef4a8,2018-11-05T20:51:06.929Z
10,26,19,4eeee7462da104501b08fc500057eb5cf6ae1e45cc30fc35ce2e27cbb3f4300c,2018-11-05T20:51:09.383Z
10,32,16,5153856d97c9b0711524767e1c378a1487ae26c39734414252d3fe0d08ce0a4c,2018-11-05T20:51:55.473Z
10,6,17,5e2567bb66d4d3d7e6626808fbee3031a8769eb3739ad0402c5365f6dcdaf350,2018-11-05T20:51:14.337Z
10,7,12,6acb7cbd1acdfd23161e0cebf4cad1d280bcd6663985a6e65a0e9959ab2ac73f,2018-11-05T20:52:05.188Z
10,22,17,7058dc4b1263b2cc39cef628521aa7e4dfea6a547105570341e6b1899c5c97fe,2018-11-05T20:51:31.484Z
10,8,20,711944e130828e972159cecfb27e7c5f96524db92a5a46f3679b8db61803327b,2018-11-05T20:51:57.948Z
10,9,19,91349c759553ef80975c87abac5216c51b039a7ec861dd4534b536224c4f12bb,2018-11-05T20:51:43.412Z
10,32,11,949bf7776b6148b71eae56d311c0e017edecbcaaefe82419e5e8182d7e21edbb,2018-11-05T20:51:19.301Z
10,1,19,98131907d3b6deaa93ef95db793db42e347ec61260eb8bbe7cd1459738620caf,2018-11-05T20:51:50.635Z
10,23,13,aaae5930032804f74ae4e1e1199ef8471fe549fe8e4974c304ca78c5f5f02c99,2018-11-05T20:52:15.128Z
10,40,15,aebf6d5dac15417f09c44995b14e71d550b3ff2c2aea9dc79512e49932489774,2018-11-05T20:52:17.650Z
10,27,11,b256398cea0661e5b9955fac13076a5d65153360a22b7e0ddc367e25beaa43c7,2018-11-05T20:51:53.017Z
10,40,12,b6f1f1a0aeeb2b4a283891d0b3685b6f90d8b6819c3ae4d415cd45092a30713f,2018-11-05T20:51:11.862Z
10,4,11,c7d2a5e70426271fa3563bb9dc70c1454c52b8a65e3ae401c83e6249fa84b6d2,2018-11-05T20:51:36.281Z
10,33,13,d034449170058c15694295e24927d488ec041d61543b3bcfb1ac43ec1ad91826,2018-11-05T20:51:33.878Z
10,6,11,d0795f9e3d0866d2a186cf5a4c70fa793ebbccdad8420254d4cd4c64929ed4f0,2018-11-05T20:51:21.731Z
10,21,12,d4d01433db5ce5158f25387506123cc4c5a3c1fb73e7a7f542d49ee45e1fbaa3,2018-11-05T20:51:38.635Z
10,36,20,e59c35f3487f9c3a67c6c1901615c4d1e0855593494a84a495b8418f10cc6908,2018-11-05T20:51:48.214Z
10,22,18,ecfbd9a3186f6150db7f18e081f4f938b107ff496eb1c40b109a73c4e2fecf1a,2018-11-05T20:51:45.845Z
10,28,20,f28a764abca58403543cc457ac9b066e6598c60fc7ba5ffc86d69d3b8b5ed489,2018-11-05T20:51:24.202Z
10,4,19,f7adc795ae835da55657e9160135bcee6732645d0516506276f22fe4623d62b5,2018-11-05T20:52:12.620Z
